{
  "build": {
    "beforeDevCommand": "yarn dev",
    "beforeBuildCommand": "yarn build",
    "devPath": "http://localhost:1420",
    "distDir": "../dist",
    "withGlobalTauri": false
  },
  "package": {
    "productName": "calculate-dna",
    "version": "0.0.1"
  },
  "tauri": {
    "allowlist": {
      "all": false,
      "shell": {
        "all": false,
        "open": true
      }
    },
    "bundle": {
      "active": true,
      "icon": [
        "icons/32x32.png",
        "icons/128x128.png",
        "icons/128x128@2x.png",
        "icons/icon.icns",
        "icons/icon.ico"
      ],
      "identifier": "com.kuingsmile.calculate-dna",
      "targets": "all"
    },
    "security": {
      "csp": null
    },
    "updater": {
      "active": false
    },
    "windows": [
      {
        "fullscreen": false,
        "resizable": true,
        "title": "calculate-dna",
        "width": 800,
        "height": 600
      }
    ]
  }
}
